group,precision,recall,accuracy,f1
complexity,0.6027095148078134,0.6666666666666666,0.6570327552986512,0.6603053435114504
deception,0.569158848984491,0.581888246628131,0.6117533718689788,0.5998013902681232
details,0.6039600547006976,0.6416184971098265,0.6570327552986512,0.6516634050880625
formality,0.5455606218360679,0.5433526011560693,0.5780346820809249,0.5628742514970059
humour,0.542263890847001,0.5472061657032755,0.5732177263969171,0.5618199802176064
imagination,0.5589211524566474,0.5915221579961464,0.5982658959537572,0.5955383123181378
vagueness,0.5763811002789521,0.6396917148362236,0.6233140655105973,0.6293838862559242
all,0.6773241811175337,0.7321772639691715,0.7389210019267822,0.737148399612027
